Species,Missing iNat Images,family,subfamily,tribe,subtribe
Bombus vancouverensis,2087,Apidae,Apinae,Bombini,
Bombus californicus,287,Apidae,Apinae,Bombini,
Anthidium oblongatum,31,Megachilidae,Megachilinae,Anthidiini,
Bombus mckayi,27,Apidae,Apinae,Bombini,
Hylaeus punctatus,8,Colletidae,Hylaeinae,,
Bombus ashtoni,5,Apidae,Apinae,Bombini,
Anthidiellum notatum,3,Megachilidae,Megachilinae,Anthidiini,
Perdita wyomingensis,2,Andrenidae,Panurginae,Panurgini,Perditina
Anthidium banningense,1,Megachilidae,Megachilinae,Anthidiini,
Anthidium maculosum,1,Megachilidae,Megachilinae,Anthidiini,
Atoposmia elongata,1,Megachilidae,Megachilinae,Osmiini,
Bombus kluanensis,1,Apidae,Apinae,Bombini,
Bombus sandersoni,1,Apidae,Apinae,Bombini,
Neopasites fulviventris,1,Apidae,Nomadinae,Biastini,
Nomada mutans,1,Apidae,Nomadinae,Nomadini,
Osmia cornuta,1,Megachilidae,Megachilinae,Osmiini,
Sphecodes ranunculi,1,Halictidae,Halictinae,Halictini,
